9e-05,1.0,1.0,9e-05,9e-05,9e-05,9e-05,9e-05,9e-05,9e-05,9e-05,9e-05,9e-05,9e-05,9e-05,9e-05,9e-05,9e-05,9e-05,9e-05,9e-05,9e-05,9e-05,9e-05,9e-05,9e-05,9e-05,9e-05,9e-05,9e-05,9e-05,9e-05,9e-05,9e-05,9e-05,9e-05,9e-05,9e-05,9e-05,9e-05,9e-05,9e-05,9e-05,9e-05,9e-05,9e-05,9e-05,9e-05,9e-05,9e-05,9e-05,9e-05,9e-05,9e-05,9e-05,9e-05,9e-05,9e-05,9e-05
1.0,9e-05,9e-05,9e-05,1.0,9e-05,9e-05,9e-05,9e-05,9e-05,9e-05,9e-05,9e-05,9e-05,9e-05,9e-05,9e-05,9e-05,9e-05,9e-05,9e-05,9e-05,9e-05,9e-05,9e-05,9e-05,9e-05,9e-05,9e-05,9e-05,9e-05,9e-05,9e-05,9e-05,9e-05,9e-05,9e-05,9e-05,9e-05,9e-05,9e-05,9e-05,9e-05,9e-05,9e-05,9e-05,9e-05,9e-05,9e-05,9e-05,9e-05,9e-05,9e-05,9e-05,9e-05,9e-05,9e-05,9e-05,9e-05
1.0,9e-05,9e-05,1.0,9e-05,9e-05,9e-05,9e-05,9e-05,9e-05,9e-05,9e-05,9e-05,9e-05,9e-05,9e-05,9e-05,9e-05,9e-05,9e-05,9e-05,9e-05,9e-05,9e-05,9e-05,9e-05,9e-05,9e-05,9e-05,9e-05,9e-05,9e-05,9e-05,9e-05,9e-05,9e-05,9e-05,9e-05,9e-05,9e-05,9e-05,9e-05,9e-05,9e-05,9e-05,9e-05,9e-05,9e-05,9e-05,9e-05,9e-05,9e-05,9e-05,9e-05,9e-05,9e-05,9e-05,9e-05,9e-05
9e-05,9e-05,1.0,9e-05,1.0,9e-05,9e-05,9e-05,9e-05,9e-05,9e-05,9e-05,9e-05,9e-05,9e-05,9e-05,9e-05,9e-05,9e-05,9e-05,9e-05,9e-05,9e-05,9e-05,9e-05,9e-05,9e-05,9e-05,9e-05,9e-05,9e-05,9e-05,9e-05,9e-05,9e-05,9e-05,9e-05,9e-05,9e-05,9e-05,9e-05,9e-05,9e-05,9e-05,9e-05,9e-05,9e-05,9e-05,9e-05,9e-05,9e-05,9e-05,9e-05,9e-05,9e-05,9e-05,9e-05,9e-05,9e-05
9e-05,1.0,9e-05,1.0,9e-05,1.0,9e-05,9e-05,9e-05,9e-05,9e-05,9e-05,9e-05,9e-05,9e-05,9e-05,9e-05,9e-05,9e-05,9e-05,9e-05,9e-05,9e-05,9e-05,9e-05,9e-05,9e-05,9e-05,9e-05,9e-05,9e-05,9e-05,9e-05,9e-05,9e-05,9e-05,9e-05,9e-05,9e-05,9e-05,9e-05,9e-05,9e-05,9e-05,9e-05,9e-05,9e-05,9e-05,9e-05,9e-05,9e-05,9e-05,9e-05,9e-05,9e-05,9e-05,9e-05,9e-05,9e-05
9e-05,9e-05,9e-05,9e-05,1.0,9e-05,1.0,1.0,9e-05,9e-05,9e-05,9e-05,9e-05,9e-05,9e-05,9e-05,9e-05,9e-05,9e-05,9e-05,9e-05,9e-05,9e-05,9e-05,9e-05,9e-05,9e-05,9e-05,9e-05,9e-05,9e-05,9e-05,9e-05,9e-05,9e-05,9e-05,9e-05,9e-05,9e-05,9e-05,9e-05,9e-05,9e-05,9e-05,9e-05,9e-05,9e-05,9e-05,9e-05,9e-05,9e-05,9e-05,9e-05,9e-05,9e-05,9e-05,9e-05,9e-05,9e-05
9e-05,9e-05,9e-05,9e-05,9e-05,1.0,9e-05,9e-05,9e-05,1.0,9e-05,9e-05,9e-05,9e-05,9e-05,9e-05,9e-05,9e-05,9e-05,9e-05,9e-05,9e-05,9e-05,9e-05,9e-05,9e-05,9e-05,9e-05,9e-05,9e-05,9e-05,9e-05,9e-05,9e-05,9e-05,9e-05,9e-05,9e-05,9e-05,9e-05,9e-05,9e-05,9e-05,9e-05,9e-05,9e-05,9e-05,9e-05,9e-05,9e-05,9e-05,9e-05,9e-05,9e-05,9e-05,9e-05,9e-05,9e-05,9e-05
9e-05,9e-05,9e-05,9e-05,9e-05,1.0,9e-05,9e-05,1.0,9e-05,9e-05,9e-05,9e-05,9e-05,9e-05,9e-05,9e-05,9e-05,9e-05,9e-05,9e-05,9e-05,9e-05,9e-05,9e-05,9e-05,9e-05,9e-05,9e-05,9e-05,9e-05,9e-05,9e-05,9e-05,9e-05,9e-05,9e-05,9e-05,9e-05,9e-05,9e-05,9e-05,9e-05,9e-05,9e-05,9e-05,9e-05,9e-05,9e-05,9e-05,9e-05,9e-05,9e-05,9e-05,9e-05,9e-05,9e-05,9e-05,9e-05
9e-05,9e-05,9e-05,9e-05,9e-05,9e-05,9e-05,1.0,9e-05,9e-05,9e-05,1.0,9e-05,9e-05,9e-05,9e-05,9e-05,9e-05,9e-05,9e-05,9e-05,9e-05,9e-05,9e-05,9e-05,9e-05,9e-05,9e-05,9e-05,9e-05,9e-05,9e-05,9e-05,9e-05,9e-05,9e-05,9e-05,9e-05,9e-05,9e-05,9e-05,9e-05,9e-05,9e-05,9e-05,9e-05,9e-05,9e-05,9e-05,9e-05,9e-05,9e-05,9e-05,9e-05,9e-05,9e-05,9e-05,9e-05,9e-05
9e-05,9e-05,9e-05,9e-05,9e-05,9e-05,1.0,9e-05,9e-05,9e-05,1.0,9e-05,9e-05,9e-05,9e-05,9e-05,9e-05,9e-05,9e-05,9e-05,9e-05,9e-05,9e-05,9e-05,9e-05,9e-05,9e-05,9e-05,9e-05,9e-05,9e-05,9e-05,9e-05,9e-05,9e-05,9e-05,9e-05,9e-05,9e-05,9e-05,9e-05,9e-05,9e-05,9e-05,9e-05,9e-05,9e-05,9e-05,9e-05,9e-05,9e-05,9e-05,9e-05,9e-05,9e-05,9e-05,9e-05,9e-05,9e-05
9e-05,9e-05,9e-05,9e-05,9e-05,9e-05,9e-05,9e-05,9e-05,1.0,9e-05,9e-05,9e-05,9e-05,9e-05,1.0,9e-05,9e-05,9e-05,9e-05,9e-05,9e-05,9e-05,9e-05,9e-05,9e-05,9e-05,9e-05,9e-05,9e-05,9e-05,9e-05,9e-05,9e-05,9e-05,9e-05,9e-05,9e-05,9e-05,9e-05,9e-05,9e-05,9e-05,9e-05,9e-05,9e-05,9e-05,9e-05,9e-05,9e-05,9e-05,9e-05,9e-05,9e-05,9e-05,9e-05,9e-05,9e-05,9e-05
9e-05,9e-05,9e-05,9e-05,9e-05,9e-05,9e-05,9e-05,1.0,9e-05,9e-05,9e-05,1.0,9e-05,9e-05,9e-05,9e-05,9e-05,9e-05,9e-05,9e-05,9e-05,9e-05,9e-05,9e-05,9e-05,9e-05,9e-05,9e-05,9e-05,9e-05,9e-05,9e-05,9e-05,9e-05,9e-05,9e-05,9e-05,9e-05,9e-05,9e-05,9e-05,9e-05,9e-05,9e-05,9e-05,9e-05,9e-05,9e-05,9e-05,9e-05,9e-05,9e-05,9e-05,9e-05,9e-05,9e-05,9e-05,9e-05
9e-05,9e-05,9e-05,9e-05,9e-05,9e-05,9e-05,9e-05,9e-05,9e-05,9e-05,1.0,9e-05,1.0,9e-05,9e-05,9e-05,9e-05,9e-05,9e-05,9e-05,9e-05,9e-05,9e-05,9e-05,9e-05,9e-05,9e-05,9e-05,9e-05,9e-05,9e-05,9e-05,9e-05,9e-05,9e-05,9e-05,9e-05,9e-05,9e-05,9e-05,9e-05,9e-05,9e-05,9e-05,9e-05,9e-05,9e-05,9e-05,9e-05,9e-05,9e-05,9e-05,9e-05,9e-05,9e-05,9e-05,9e-05,9e-05
9e-05,9e-05,9e-05,9e-05,9e-05,9e-05,9e-05,9e-05,9e-05,9e-05,9e-05,9e-05,1.0,9e-05,1.0,9e-05,9e-05,9e-05,9e-05,9e-05,9e-05,9e-05,9e-05,1.0,9e-05,9e-05,1.0,9e-05,9e-05,9e-05,9e-05,9e-05,9e-05,9e-05,9e-05,9e-05,9e-05,9e-05,9e-05,9e-05,9e-05,9e-05,9e-05,9e-05,9e-05,9e-05,9e-05,9e-05,9e-05,9e-05,9e-05,9e-05,9e-05,9e-05,9e-05,9e-05,9e-05,9e-05,9e-05
9e-05,9e-05,9e-05,9e-05,9e-05,9e-05,9e-05,9e-05,9e-05,9e-05,9e-05,9e-05,9e-05,1.0,9e-05,1.0,9e-05,9e-05,9e-05,9e-05,9e-05,9e-05,9e-05,9e-05,9e-05,9e-05,9e-05,9e-05,9e-05,9e-05,9e-05,9e-05,9e-05,9e-05,9e-05,9e-05,9e-05,9e-05,9e-05,9e-05,9e-05,9e-05,9e-05,9e-05,9e-05,9e-05,9e-05,9e-05,9e-05,9e-05,9e-05,9e-05,9e-05,9e-05,9e-05,9e-05,9e-05,9e-05,9e-05
9e-05,9e-05,9e-05,9e-05,9e-05,9e-05,9e-05,9e-05,9e-05,9e-05,1.0,9e-05,9e-05,9e-05,1.0,9e-05,9e-05,9e-05,9e-05,9e-05,9e-05,9e-05,9e-05,9e-05,9e-05,9e-05,9e-05,9e-05,9e-05,9e-05,9e-05,9e-05,9e-05,9e-05,9e-05,9e-05,9e-05,9e-05,9e-05,9e-05,9e-05,9e-05,9e-05,9e-05,9e-05,9e-05,9e-05,9e-05,9e-05,9e-05,9e-05,9e-05,9e-05,9e-05,9e-05,9e-05,9e-05,9e-05,9e-05
9e-05,9e-05,9e-05,9e-05,9e-05,9e-05,9e-05,9e-05,9e-05,9e-05,9e-05,9e-05,9e-05,9e-05,9e-05,9e-05,9e-05,1.0,9e-05,9e-05,9e-05,9e-05,9e-05,9e-05,9e-05,9e-05,9e-05,1.0,9e-05,9e-05,9e-05,9e-05,9e-05,9e-05,9e-05,9e-05,9e-05,9e-05,9e-05,9e-05,9e-05,9e-05,9e-05,9e-05,9e-05,9e-05,9e-05,9e-05,9e-05,9e-05,9e-05,9e-05,9e-05,9e-05,9e-05,9e-05,9e-05,9e-05,9e-05
9e-05,9e-05,9e-05,9e-05,9e-05,9e-05,9e-05,9e-05,9e-05,9e-05,9e-05,9e-05,9e-05,9e-05,9e-05,9e-05,1.0,9e-05,1.0,9e-05,9e-05,9e-05,9e-05,9e-05,9e-05,9e-05,9e-05,9e-05,9e-05,9e-05,9e-05,9e-05,9e-05,9e-05,9e-05,9e-05,9e-05,9e-05,9e-05,9e-05,9e-05,9e-05,9e-05,9e-05,9e-05,9e-05,9e-05,9e-05,9e-05,9e-05,9e-05,9e-05,9e-05,9e-05,9e-05,9e-05,9e-05,9e-05,9e-05
9e-05,9e-05,9e-05,9e-05,9e-05,9e-05,9e-05,9e-05,9e-05,9e-05,9e-05,9e-05,9e-05,9e-05,9e-05,9e-05,9e-05,1.0,9e-05,1.0,9e-05,9e-05,9e-05,9e-05,9e-05,9e-05,9e-05,9e-05,9e-05,9e-05,9e-05,9e-05,9e-05,9e-05,9e-05,9e-05,9e-05,9e-05,9e-05,9e-05,9e-05,9e-05,9e-05,9e-05,9e-05,9e-05,9e-05,9e-05,9e-05,9e-05,9e-05,9e-05,9e-05,9e-05,9e-05,9e-05,9e-05,9e-05,9e-05
9e-05,9e-05,9e-05,9e-05,9e-05,9e-05,9e-05,9e-05,9e-05,9e-05,9e-05,9e-05,9e-05,9e-05,9e-05,9e-05,9e-05,9e-05,1.0,9e-05,1.0,9e-05,9e-05,9e-05,9e-05,9e-05,9e-05,9e-05,9e-05,9e-05,9e-05,9e-05,9e-05,9e-05,9e-05,9e-05,9e-05,9e-05,9e-05,9e-05,9e-05,9e-05,9e-05,9e-05,9e-05,9e-05,9e-05,9e-05,9e-05,9e-05,9e-05,9e-05,9e-05,9e-05,9e-05,9e-05,9e-05,9e-05,9e-05
9e-05,9e-05,9e-05,9e-05,9e-05,9e-05,9e-05,9e-05,9e-05,9e-05,9e-05,9e-05,9e-05,9e-05,9e-05,9e-05,9e-05,9e-05,9e-05,1.0,9e-05,1.0,9e-05,9e-05,9e-05,9e-05,9e-05,9e-05,9e-05,9e-05,9e-05,9e-05,9e-05,9e-05,9e-05,9e-05,9e-05,9e-05,9e-05,9e-05,9e-05,9e-05,9e-05,9e-05,9e-05,9e-05,9e-05,9e-05,9e-05,9e-05,9e-05,9e-05,9e-05,9e-05,9e-05,9e-05,9e-05,9e-05,9e-05
9e-05,9e-05,9e-05,9e-05,9e-05,9e-05,9e-05,9e-05,9e-05,9e-05,9e-05,9e-05,9e-05,9e-05,9e-05,9e-05,9e-05,9e-05,9e-05,9e-05,1.0,9e-05,1.0,9e-05,9e-05,9e-05,9e-05,9e-05,9e-05,9e-05,9e-05,9e-05,9e-05,9e-05,9e-05,9e-05,9e-05,9e-05,9e-05,9e-05,9e-05,9e-05,9e-05,9e-05,9e-05,9e-05,9e-05,9e-05,9e-05,9e-05,9e-05,9e-05,9e-05,9e-05,9e-05,9e-05,9e-05,9e-05,9e-05
9e-05,9e-05,9e-05,9e-05,9e-05,9e-05,9e-05,9e-05,9e-05,9e-05,9e-05,9e-05,9e-05,9e-05,9e-05,9e-05,9e-05,9e-05,9e-05,9e-05,9e-05,1.0,9e-05,1.0,9e-05,9e-05,9e-05,9e-05,9e-05,9e-05,9e-05,9e-05,9e-05,9e-05,9e-05,9e-05,9e-05,9e-05,9e-05,9e-05,9e-05,9e-05,9e-05,9e-05,9e-05,9e-05,9e-05,9e-05,9e-05,9e-05,9e-05,9e-05,9e-05,9e-05,9e-05,9e-05,9e-05,9e-05,9e-05
9e-05,9e-05,9e-05,9e-05,9e-05,9e-05,9e-05,9e-05,9e-05,9e-05,9e-05,9e-05,9e-05,1.0,9e-05,9e-05,9e-05,9e-05,9e-05,9e-05,9e-05,9e-05,1.0,9e-05,1.0,9e-05,9e-05,9e-05,9e-05,9e-05,9e-05,9e-05,9e-05,9e-05,9e-05,9e-05,9e-05,9e-05,9e-05,9e-05,9e-05,9e-05,9e-05,9e-05,9e-05,9e-05,9e-05,9e-05,9e-05,9e-05,9e-05,9e-05,9e-05,9e-05,9e-05,9e-05,9e-05,9e-05,9e-05
9e-05,9e-05,9e-05,9e-05,9e-05,9e-05,9e-05,9e-05,9e-05,9e-05,9e-05,9e-05,9e-05,9e-05,9e-05,9e-05,9e-05,9e-05,9e-05,9e-05,9e-05,9e-05,9e-05,1.0,9e-05,1.0,9e-05,9e-05,9e-05,9e-05,9e-05,9e-05,1.0,9e-05,9e-05,9e-05,9e-05,9e-05,9e-05,9e-05,9e-05,9e-05,9e-05,9e-05,9e-05,9e-05,9e-05,9e-05,9e-05,9e-05,9e-05,9e-05,9e-05,9e-05,9e-05,9e-05,9e-05,9e-05,9e-05
9e-05,9e-05,9e-05,9e-05,9e-05,9e-05,9e-05,9e-05,9e-05,9e-05,9e-05,9e-05,9e-05,9e-05,9e-05,9e-05,9e-05,9e-05,9e-05,9e-05,9e-05,9e-05,9e-05,9e-05,1.0,9e-05,1.0,9e-05,9e-05,9e-05,9e-05,9e-05,9e-05,9e-05,9e-05,9e-05,9e-05,9e-05,9e-05,9e-05,9e-05,9e-05,9e-05,9e-05,9e-05,9e-05,9e-05,9e-05,9e-05,9e-05,9e-05,9e-05,9e-05,9e-05,9e-05,9e-05,9e-05,9e-05,9e-05
9e-05,9e-05,9e-05,9e-05,9e-05,9e-05,9e-05,9e-05,9e-05,9e-05,9e-05,9e-05,9e-05,1.0,9e-05,9e-05,9e-05,9e-05,9e-05,9e-05,9e-05,9e-05,9e-05,9e-05,9e-05,1.0,9e-05,9e-05,9e-05,9e-05,9e-05,9e-05,9e-05,9e-05,1.0,9e-05,9e-05,9e-05,9e-05,9e-05,9e-05,9e-05,9e-05,9e-05,9e-05,9e-05,9e-05,9e-05,9e-05,9e-05,9e-05,9e-05,9e-05,9e-05,9e-05,9e-05,9e-05,9e-05,9e-05
9e-05,9e-05,9e-05,9e-05,9e-05,9e-05,9e-05,9e-05,9e-05,9e-05,9e-05,9e-05,9e-05,9e-05,9e-05,9e-05,1.0,9e-05,9e-05,9e-05,9e-05,9e-05,9e-05,9e-05,9e-05,9e-05,9e-05,9e-05,1.0,9e-05,9e-05,9e-05,9e-05,9e-05,9e-05,9e-05,1.0,9e-05,9e-05,9e-05,9e-05,9e-05,9e-05,9e-05,9e-05,9e-05,9e-05,9e-05,9e-05,9e-05,9e-05,9e-05,9e-05,9e-05,9e-05,9e-05,9e-05,9e-05,9e-05
9e-05,9e-05,9e-05,9e-05,9e-05,9e-05,9e-05,9e-05,9e-05,9e-05,9e-05,9e-05,9e-05,9e-05,9e-05,9e-05,9e-05,9e-05,9e-05,9e-05,9e-05,9e-05,9e-05,9e-05,9e-05,9e-05,9e-05,1.0,9e-05,1.0,9e-05,9e-05,9e-05,9e-05,9e-05,9e-05,9e-05,9e-05,9e-05,9e-05,9e-05,9e-05,9e-05,9e-05,9e-05,9e-05,9e-05,9e-05,9e-05,9e-05,9e-05,9e-05,9e-05,9e-05,9e-05,9e-05,9e-05,9e-05,9e-05
9e-05,9e-05,9e-05,9e-05,9e-05,9e-05,9e-05,9e-05,9e-05,9e-05,9e-05,9e-05,9e-05,9e-05,9e-05,9e-05,9e-05,9e-05,9e-05,9e-05,9e-05,9e-05,9e-05,9e-05,9e-05,9e-05,9e-05,9e-05,1.0,9e-05,1.0,9e-05,9e-05,9e-05,9e-05,9e-05,9e-05,1.0,9e-05,9e-05,9e-05,9e-05,9e-05,9e-05,9e-05,9e-05,9e-05,9e-05,9e-05,9e-05,9e-05,9e-05,9e-05,9e-05,9e-05,9e-05,9e-05,9e-05,9e-05
9e-05,9e-05,9e-05,9e-05,9e-05,9e-05,9e-05,9e-05,9e-05,9e-05,9e-05,9e-05,9e-05,9e-05,9e-05,9e-05,9e-05,9e-05,9e-05,9e-05,9e-05,9e-05,9e-05,9e-05,9e-05,9e-05,9e-05,9e-05,9e-05,1.0,9e-05,9e-05,9e-05,9e-05,9e-05,9e-05,9e-05,9e-05,9e-05,9e-05,9e-05,9e-05,9e-05,9e-05,9e-05,9e-05,9e-05,9e-05,9e-05,9e-05,9e-05,9e-05,9e-05,9e-05,9e-05,9e-05,9e-05,9e-05,1.0
9e-05,9e-05,9e-05,9e-05,9e-05,9e-05,9e-05,9e-05,9e-05,9e-05,9e-05,9e-05,9e-05,9e-05,9e-05,9e-05,9e-05,9e-05,9e-05,9e-05,9e-05,9e-05,9e-05,9e-05,9e-05,9e-05,9e-05,9e-05,9e-05,9e-05,9e-05,9e-05,1.0,9e-05,9e-05,9e-05,9e-05,9e-05,9e-05,9e-05,9e-05,9e-05,9e-05,9e-05,9e-05,9e-05,9e-05,9e-05,9e-05,9e-05,9e-05,9e-05,9e-05,9e-05,9e-05,9e-05,9e-05,9e-05,1.0
9e-05,9e-05,9e-05,9e-05,9e-05,9e-05,9e-05,9e-05,9e-05,9e-05,9e-05,9e-05,9e-05,9e-05,9e-05,9e-05,9e-05,9e-05,9e-05,9e-05,9e-05,9e-05,9e-05,9e-05,1.0,9e-05,9e-05,9e-05,9e-05,9e-05,9e-05,1.0,9e-05,1.0,9e-05,9e-05,9e-05,9e-05,9e-05,9e-05,9e-05,9e-05,9e-05,9e-05,9e-05,9e-05,9e-05,9e-05,9e-05,9e-05,9e-05,9e-05,9e-05,9e-05,9e-05,9e-05,9e-05,9e-05,9e-05
9e-05,9e-05,9e-05,9e-05,9e-05,9e-05,9e-05,9e-05,9e-05,9e-05,9e-05,9e-05,9e-05,9e-05,9e-05,9e-05,9e-05,9e-05,9e-05,9e-05,9e-05,9e-05,9e-05,9e-05,9e-05,9e-05,9e-05,9e-05,9e-05,9e-05,9e-05,9e-05,1.0,9e-05,1.0,9e-05,9e-05,9e-05,9e-05,9e-05,9e-05,9e-05,1.0,9e-05,9e-05,9e-05,9e-05,9e-05,9e-05,9e-05,9e-05,9e-05,9e-05,9e-05,9e-05,9e-05,9e-05,9e-05,9e-05
9e-05,9e-05,9e-05,9e-05,9e-05,9e-05,9e-05,9e-05,9e-05,9e-05,9e-05,9e-05,9e-05,9e-05,9e-05,9e-05,9e-05,9e-05,9e-05,9e-05,9e-05,9e-05,9e-05,9e-05,9e-05,9e-05,1.0,9e-05,9e-05,9e-05,9e-05,9e-05,9e-05,1.0,9e-05,1.0,9e-05,9e-05,9e-05,9e-05,9e-05,9e-05,9e-05,9e-05,9e-05,9e-05,9e-05,9e-05,9e-05,9e-05,9e-05,9e-05,9e-05,9e-05,9e-05,9e-05,9e-05,9e-05,9e-05
9e-05,9e-05,9e-05,9e-05,9e-05,9e-05,9e-05,9e-05,9e-05,9e-05,9e-05,9e-05,9e-05,9e-05,9e-05,9e-05,9e-05,9e-05,9e-05,9e-05,9e-05,9e-05,9e-05,9e-05,9e-05,9e-05,9e-05,9e-05,9e-05,9e-05,9e-05,9e-05,9e-05,9e-05,1.0,9e-05,9e-05,9e-05,9e-05,9e-05,9e-05,9e-05,9e-05,9e-05,9e-05,9e-05,9e-05,9e-05,9e-05,9e-05,9e-05,9e-05,1.0,9e-05,9e-05,9e-05,9e-05,9e-05,9e-05
9e-05,9e-05,9e-05,9e-05,9e-05,9e-05,9e-05,9e-05,9e-05,9e-05,9e-05,9e-05,9e-05,9e-05,9e-05,9e-05,9e-05,9e-05,9e-05,9e-05,9e-05,9e-05,9e-05,9e-05,9e-05,9e-05,9e-05,1.0,9e-05,9e-05,9e-05,9e-05,9e-05,9e-05,9e-05,9e-05,9e-05,1.0,9e-05,9e-05,9e-05,9e-05,9e-05,9e-05,9e-05,9e-05,9e-05,9e-05,9e-05,9e-05,9e-05,9e-05,9e-05,9e-05,9e-05,9e-05,9e-05,9e-05,9e-05
9e-05,9e-05,9e-05,9e-05,9e-05,9e-05,9e-05,9e-05,9e-05,9e-05,9e-05,9e-05,9e-05,9e-05,9e-05,9e-05,9e-05,9e-05,9e-05,9e-05,9e-05,9e-05,9e-05,9e-05,9e-05,9e-05,9e-05,9e-05,9e-05,1.0,9e-05,9e-05,9e-05,9e-05,9e-05,9e-05,1.0,9e-05,1.0,1.0,9e-05,9e-05,9e-05,9e-05,9e-05,9e-05,9e-05,9e-05,9e-05,9e-05,9e-05,9e-05,9e-05,9e-05,9e-05,9e-05,9e-05,9e-05,9e-05
9e-05,9e-05,9e-05,9e-05,9e-05,9e-05,9e-05,9e-05,9e-05,9e-05,9e-05,9e-05,9e-05,9e-05,9e-05,9e-05,9e-05,9e-05,9e-05,9e-05,9e-05,9e-05,9e-05,9e-05,9e-05,9e-05,9e-05,9e-05,9e-05,9e-05,9e-05,9e-05,9e-05,9e-05,9e-05,9e-05,9e-05,1.0,9e-05,9e-05,1.0,9e-05,9e-05,9e-05,9e-05,9e-05,9e-05,9e-05,9e-05,9e-05,9e-05,9e-05,9e-05,9e-05,9e-05,9e-05,9e-05,9e-05,9e-05
9e-05,9e-05,9e-05,9e-05,9e-05,9e-05,9e-05,9e-05,9e-05,9e-05,9e-05,9e-05,9e-05,9e-05,9e-05,9e-05,9e-05,9e-05,9e-05,9e-05,9e-05,9e-05,9e-05,9e-05,9e-05,9e-05,9e-05,9e-05,9e-05,9e-05,9e-05,9e-05,9e-05,9e-05,9e-05,9e-05,9e-05,1.0,9e-05,9e-05,9e-05,9e-05,9e-05,9e-05,1.0,9e-05,9e-05,9e-05,9e-05,9e-05,9e-05,9e-05,9e-05,9e-05,9e-05,9e-05,9e-05,9e-05,9e-05
9e-05,9e-05,9e-05,9e-05,9e-05,9e-05,9e-05,9e-05,9e-05,9e-05,9e-05,9e-05,9e-05,9e-05,9e-05,9e-05,9e-05,9e-05,9e-05,9e-05,9e-05,9e-05,9e-05,9e-05,9e-05,9e-05,9e-05,9e-05,9e-05,9e-05,9e-05,9e-05,9e-05,9e-05,9e-05,9e-05,9e-05,9e-05,1.0,9e-05,9e-05,1.0,9e-05,9e-05,9e-05,1.0,9e-05,9e-05,9e-05,9e-05,9e-05,9e-05,9e-05,9e-05,9e-05,9e-05,9e-05,9e-05,9e-05
9e-05,9e-05,9e-05,9e-05,9e-05,9e-05,9e-05,9e-05,9e-05,9e-05,9e-05,9e-05,9e-05,9e-05,9e-05,9e-05,9e-05,9e-05,9e-05,9e-05,9e-05,9e-05,9e-05,9e-05,9e-05,9e-05,9e-05,9e-05,9e-05,9e-05,9e-05,9e-05,9e-05,9e-05,9e-05,9e-05,9e-05,9e-05,9e-05,9e-05,1.0,9e-05,9e-05,1.0,9e-05,9e-05,9e-05,9e-05,9e-05,9e-05,9e-05,9e-05,9e-05,9e-05,9e-05,9e-05,9e-05,9e-05,9e-05
9e-05,9e-05,9e-05,9e-05,9e-05,9e-05,9e-05,9e-05,9e-05,9e-05,9e-05,9e-05,9e-05,9e-05,9e-05,9e-05,9e-05,9e-05,9e-05,9e-05,9e-05,9e-05,9e-05,9e-05,9e-05,9e-05,9e-05,9e-05,9e-05,9e-05,9e-05,9e-05,9e-05,1.0,9e-05,9e-05,9e-05,9e-05,9e-05,9e-05,9e-05,9e-05,9e-05,1.0,9e-05,9e-05,9e-05,9e-05,9e-05,9e-05,9e-05,9e-05,9e-05,9e-05,9e-05,9e-05,9e-05,9e-05,9e-05
9e-05,9e-05,9e-05,9e-05,9e-05,9e-05,9e-05,9e-05,9e-05,9e-05,9e-05,9e-05,9e-05,9e-05,9e-05,9e-05,9e-05,9e-05,9e-05,9e-05,9e-05,9e-05,9e-05,9e-05,9e-05,9e-05,9e-05,9e-05,9e-05,9e-05,9e-05,9e-05,9e-05,9e-05,9e-05,9e-05,9e-05,9e-05,9e-05,9e-05,9e-05,1.0,1.0,9e-05,9e-05,9e-05,1.0,9e-05,9e-05,9e-05,9e-05,9e-05,9e-05,9e-05,9e-05,9e-05,9e-05,9e-05,9e-05
9e-05,9e-05,9e-05,9e-05,9e-05,9e-05,9e-05,9e-05,9e-05,9e-05,9e-05,9e-05,9e-05,9e-05,9e-05,9e-05,9e-05,9e-05,9e-05,9e-05,9e-05,9e-05,9e-05,9e-05,9e-05,9e-05,9e-05,9e-05,9e-05,9e-05,9e-05,9e-05,9e-05,9e-05,9e-05,9e-05,9e-05,9e-05,9e-05,1.0,9e-05,9e-05,9e-05,9e-05,9e-05,1.0,9e-05,9e-05,9e-05,9e-05,9e-05,9e-05,9e-05,9e-05,9e-05,9e-05,9e-05,9e-05,9e-05
9e-05,9e-05,9e-05,9e-05,9e-05,9e-05,9e-05,9e-05,9e-05,9e-05,9e-05,9e-05,9e-05,9e-05,9e-05,9e-05,9e-05,9e-05,9e-05,9e-05,9e-05,9e-05,9e-05,9e-05,9e-05,9e-05,9e-05,9e-05,9e-05,9e-05,9e-05,9e-05,9e-05,9e-05,9e-05,9e-05,9e-05,9e-05,9e-05,9e-05,1.0,9e-05,9e-05,9e-05,1.0,9e-05,1.0,9e-05,9e-05,9e-05,9e-05,9e-05,9e-05,9e-05,9e-05,9e-05,9e-05,9e-05,9e-05
9e-05,9e-05,9e-05,9e-05,9e-05,9e-05,9e-05,9e-05,9e-05,9e-05,9e-05,9e-05,9e-05,9e-05,9e-05,9e-05,9e-05,9e-05,9e-05,9e-05,9e-05,9e-05,9e-05,9e-05,9e-05,9e-05,9e-05,9e-05,9e-05,9e-05,9e-05,9e-05,9e-05,9e-05,9e-05,9e-05,9e-05,9e-05,9e-05,9e-05,9e-05,9e-05,9e-05,1.0,9e-05,1.0,9e-05,1.0,9e-05,9e-05,9e-05,9e-05,9e-05,9e-05,9e-05,9e-05,9e-05,1.0,9e-05
9e-05,9e-05,9e-05,9e-05,9e-05,9e-05,9e-05,9e-05,9e-05,9e-05,9e-05,9e-05,9e-05,9e-05,9e-05,9e-05,9e-05,9e-05,9e-05,9e-05,9e-05,9e-05,9e-05,9e-05,9e-05,9e-05,9e-05,9e-05,9e-05,9e-05,9e-05,9e-05,9e-05,9e-05,9e-05,9e-05,9e-05,9e-05,9e-05,9e-05,9e-05,9e-05,9e-05,9e-05,9e-05,9e-05,1.0,9e-05,1.0,9e-05,9e-05,9e-05,9e-05,9e-05,9e-05,9e-05,9e-05,9e-05,9e-05
9e-05,9e-05,9e-05,9e-05,9e-05,9e-05,9e-05,9e-05,9e-05,9e-05,9e-05,9e-05,9e-05,9e-05,9e-05,9e-05,9e-05,9e-05,9e-05,9e-05,9e-05,9e-05,9e-05,9e-05,9e-05,9e-05,9e-05,9e-05,9e-05,9e-05,9e-05,9e-05,9e-05,9e-05,9e-05,9e-05,9e-05,9e-05,9e-05,9e-05,9e-05,9e-05,9e-05,9e-05,9e-05,9e-05,9e-05,1.0,9e-05,1.0,9e-05,9e-05,9e-05,9e-05,9e-05,9e-05,9e-05,9e-05,9e-05
9e-05,9e-05,9e-05,9e-05,9e-05,9e-05,9e-05,9e-05,9e-05,9e-05,9e-05,9e-05,9e-05,9e-05,9e-05,9e-05,9e-05,9e-05,9e-05,9e-05,9e-05,9e-05,9e-05,9e-05,9e-05,9e-05,9e-05,9e-05,9e-05,9e-05,9e-05,9e-05,9e-05,9e-05,9e-05,9e-05,9e-05,9e-05,9e-05,9e-05,9e-05,9e-05,9e-05,9e-05,9e-05,9e-05,9e-05,9e-05,1.0,9e-05,1.0,9e-05,9e-05,9e-05,9e-05,9e-05,9e-05,9e-05,9e-05
9e-05,9e-05,9e-05,9e-05,9e-05,9e-05,9e-05,9e-05,9e-05,9e-05,9e-05,9e-05,9e-05,9e-05,9e-05,9e-05,9e-05,9e-05,9e-05,9e-05,9e-05,9e-05,9e-05,9e-05,9e-05,9e-05,9e-05,9e-05,9e-05,9e-05,9e-05,9e-05,9e-05,9e-05,9e-05,9e-05,9e-05,9e-05,9e-05,9e-05,9e-05,9e-05,9e-05,9e-05,9e-05,9e-05,9e-05,9e-05,9e-05,1.0,9e-05,1.0,9e-05,1.0,9e-05,9e-05,9e-05,9e-05,9e-05
9e-05,9e-05,9e-05,9e-05,9e-05,9e-05,9e-05,9e-05,9e-05,9e-05,9e-05,9e-05,9e-05,9e-05,9e-05,9e-05,9e-05,9e-05,9e-05,9e-05,9e-05,9e-05,9e-05,9e-05,9e-05,9e-05,9e-05,9e-05,9e-05,9e-05,9e-05,9e-05,9e-05,9e-05,9e-05,9e-05,9e-05,9e-05,9e-05,9e-05,9e-05,9e-05,9e-05,9e-05,9e-05,9e-05,9e-05,9e-05,9e-05,9e-05,1.0,9e-05,1.0,9e-05,9e-05,9e-05,9e-05,9e-05,9e-05
9e-05,9e-05,9e-05,9e-05,9e-05,9e-05,9e-05,9e-05,9e-05,9e-05,9e-05,9e-05,9e-05,9e-05,9e-05,9e-05,9e-05,9e-05,9e-05,9e-05,9e-05,9e-05,9e-05,9e-05,9e-05,9e-05,9e-05,9e-05,9e-05,9e-05,9e-05,9e-05,9e-05,9e-05,9e-05,1.0,9e-05,9e-05,9e-05,9e-05,9e-05,9e-05,9e-05,9e-05,9e-05,9e-05,9e-05,9e-05,9e-05,9e-05,9e-05,1.0,9e-05,9e-05,9e-05,9e-05,9e-05,9e-05,9e-05
9e-05,9e-05,9e-05,9e-05,9e-05,9e-05,9e-05,9e-05,9e-05,9e-05,9e-05,9e-05,9e-05,9e-05,9e-05,9e-05,9e-05,9e-05,9e-05,9e-05,9e-05,9e-05,9e-05,9e-05,9e-05,9e-05,9e-05,9e-05,9e-05,9e-05,9e-05,9e-05,9e-05,9e-05,9e-05,9e-05,9e-05,9e-05,9e-05,9e-05,9e-05,9e-05,9e-05,9e-05,9e-05,9e-05,9e-05,9e-05,9e-05,9e-05,1.0,9e-05,9e-05,9e-05,1.0,9e-05,9e-05,9e-05,9e-05
9e-05,9e-05,9e-05,9e-05,9e-05,9e-05,9e-05,9e-05,9e-05,9e-05,9e-05,9e-05,9e-05,9e-05,9e-05,9e-05,9e-05,9e-05,9e-05,9e-05,9e-05,9e-05,9e-05,9e-05,9e-05,9e-05,9e-05,9e-05,9e-05,9e-05,9e-05,9e-05,9e-05,9e-05,9e-05,9e-05,9e-05,9e-05,9e-05,9e-05,9e-05,9e-05,9e-05,9e-05,9e-05,9e-05,9e-05,9e-05,9e-05,9e-05,9e-05,9e-05,9e-05,1.0,9e-05,1.0,9e-05,9e-05,9e-05
9e-05,9e-05,9e-05,9e-05,9e-05,9e-05,9e-05,9e-05,9e-05,9e-05,9e-05,9e-05,9e-05,9e-05,9e-05,9e-05,9e-05,9e-05,9e-05,9e-05,9e-05,9e-05,9e-05,9e-05,9e-05,9e-05,9e-05,9e-05,9e-05,9e-05,9e-05,9e-05,9e-05,9e-05,9e-05,9e-05,9e-05,9e-05,9e-05,9e-05,9e-05,9e-05,9e-05,9e-05,9e-05,9e-05,9e-05,9e-05,9e-05,9e-05,9e-05,9e-05,9e-05,9e-05,1.0,9e-05,1.0,9e-05,9e-05
9e-05,9e-05,9e-05,9e-05,9e-05,9e-05,9e-05,9e-05,9e-05,9e-05,9e-05,9e-05,9e-05,9e-05,9e-05,9e-05,9e-05,9e-05,9e-05,9e-05,9e-05,9e-05,9e-05,9e-05,9e-05,9e-05,9e-05,9e-05,9e-05,9e-05,9e-05,9e-05,9e-05,9e-05,9e-05,9e-05,9e-05,9e-05,9e-05,9e-05,9e-05,9e-05,9e-05,9e-05,9e-05,9e-05,9e-05,9e-05,9e-05,9e-05,9e-05,9e-05,9e-05,9e-05,9e-05,1.0,9e-05,1.0,9e-05
9e-05,9e-05,9e-05,9e-05,9e-05,9e-05,9e-05,9e-05,9e-05,9e-05,9e-05,9e-05,9e-05,9e-05,9e-05,9e-05,9e-05,9e-05,9e-05,9e-05,9e-05,9e-05,9e-05,9e-05,9e-05,9e-05,9e-05,9e-05,9e-05,9e-05,9e-05,9e-05,9e-05,9e-05,9e-05,9e-05,9e-05,9e-05,9e-05,9e-05,9e-05,9e-05,9e-05,9e-05,9e-05,9e-05,1.0,9e-05,9e-05,9e-05,9e-05,9e-05,9e-05,9e-05,9e-05,9e-05,1.0,9e-05,9e-05
9e-05,9e-05,9e-05,9e-05,9e-05,9e-05,9e-05,9e-05,9e-05,9e-05,9e-05,9e-05,9e-05,9e-05,9e-05,9e-05,9e-05,9e-05,9e-05,9e-05,9e-05,9e-05,9e-05,9e-05,9e-05,9e-05,9e-05,9e-05,9e-05,9e-05,1.0,1.0,9e-05,9e-05,9e-05,9e-05,9e-05,9e-05,9e-05,9e-05,9e-05,9e-05,9e-05,9e-05,9e-05,9e-05,9e-05,9e-05,9e-05,9e-05,9e-05,9e-05,9e-05,9e-05,9e-05,9e-05,9e-05,9e-05,9e-05
