2.645252950724929164e+00,-1.959915468641898251e+00
9.953070648893156402e-01,-8.821700661053295534e-01
1.586472876335348170e+00,-1.224663472929961250e+00
1.877180752769485039e+00,-1.453568380716838693e+00
-1.310580194243526675e+00,1.048966227742886614e+00
2.284696244654800701e+00,-1.711285850110085160e+00
2.088213701921862064e+00,-1.576304713463515306e+00
2.495075791898266448e+00,-1.857205313770446065e+00
-1.362807324552107513e+00,1.101853277495449479e+00
2.406491257979650911e+00,-1.794814760109338714e+00
1.258155123843041068e+00,-1.085021237543088768e+00
2.011687740807547087e+00,-1.536231707946177583e+00
-2.243211946103610188e+00,1.672254623386051353e+00
2.533267251030714373e+00,-1.880180746191170593e+00
1.818735101920137875e+00,-1.399510591794074221e+00
-1.203102422808912220e+00,9.905704485245773183e-01
1.244068868382274484e+00,-1.034691759509743791e+00
2.287296081131190206e+00,-1.739953658522216617e+00
2.322895497106850726e+00,-1.758682548124794964e+00
2.182313028362123930e+00,-1.678947088204774118e+00
2.003975779862011919e+00,-1.498353878950618334e+00
2.118879273746794745e+00,-1.631505583093310729e+00
2.036739768037849174e+00,-1.570255924570716832e+00
-2.402837701367473322e+00,1.782890777433069562e+00
-2.303773619206340939e+00,1.721298873230599602e+00
2.069907812687850512e+00,-1.600899655751502504e+00
-1.752556912978210146e+00,1.368746147788707734e+00
-2.507411407795612668e+00,1.863819587615584528e+00
-2.103193825512596593e+00,1.598525501320441133e+00
1.966754460831379614e+00,-1.503884468951457443e+00
1.373739560537252657e+00,-1.120010951631604135e+00
7.746683023151499370e-01,-7.569330918009189446e-01
2.409752132865302876e+00,-1.794814760109338714e+00
2.536776194743688873e+00,-1.889259850549903863e+00
-1.382950946674764037e+00,1.118618039531638297e+00
-2.634976783436870029e+00,1.955522472976195747e+00
-1.805670232239496409e+00,1.425152116672272040e+00
2.128537449811808813e+00,-1.601492122382035976e+00
-1.356007954053618070e+00,1.144469901497614517e+00
1.959250639550779605e+00,-1.466332920311098853e+00
-1.134799420945744153e+00,9.805056422383953141e-01
-1.798696854627019448e+00,1.379513891497463174e+00
2.231713190435533622e+00,-1.678947088204774118e+00
2.498923714486973147e+00,-1.863156415136978161e+00
1.482124195563481628e+00,-1.188000375112446383e+00
-2.120541296812333609e+00,1.594269315183452607e+00
-1.619227961884828204e+00,1.264507532406425216e+00
2.603778657378168937e+00,-1.935620062806516994e+00
-8.519530901655585353e-01,8.018981265353022359e-01
-2.293494388427649078e+00,1.744209310196121798e+00
1.630043593203852836e+00,-1.273369267152756334e+00
2.021251420682489641e+00,-1.549985508604558415e+00
2.247496478352134730e+00,-1.694180310515302601e+00
2.213923508675856411e+00,-1.674162997682849818e+00
1.509148117941359279e+00,-1.203405020455445840e+00
2.547013170600757714e+00,-1.888177301654201390e+00
8.784054930921081361e-01,-8.267270385478355799e-01
1.520980620020845997e+00,-1.198752838205739302e+00
-1.338815470714342926e+00,1.096446614950518983e+00
2.034162544557850172e+00,-1.549453642891727601e+00
-2.670780495324896364e+00,1.973896763171449908e+00
-1.326421270890672854e+00,1.103004356860592949e+00
8.254731015400041949e-01,-7.827679098691971982e-01
2.259831113849070761e+00,-1.733580903804614159e+00
1.561302802068890161e+00,-1.250738499246961233e+00
-1.807198095014442174e+00,1.365399131305546465e+00
2.201155829781047402e+00,-1.658189549304470489e+00
-1.542271484962232098e+00,1.216928236790721929e+00
1.010580805279327921e+00,-9.144069235133129858e-01
-1.736183855188957015e+00,1.351505442814588953e+00
2.522335841987627170e+00,-1.874838764327879659e+00
-9.631378127382008714e-01,8.328243519438698339e-01
2.582817216440279395e+00,-1.917281161591648297e+00
-2.466434149218335925e+00,1.840868820440672904e+00
-2.627858105609207406e+00,1.946660510189025306e+00
-2.475677772625810569e+00,1.838935147745344167e+00
2.441821609149962491e+00,-1.829773931730221292e+00
7.937613289370726299e-01,-7.602855901705291020e-01
-1.416294585988776777e+00,1.146576259837215783e+00
2.257459773939145542e+00,-1.686518958226760567e+00
-1.507540749330584795e+00,1.167303313797575459e+00
2.395231102578796900e+00,-1.783273703652916264e+00
2.396006567871552306e+00,-1.793816908325513992e+00
-2.165383738176471340e+00,1.638585435626928710e+00
2.160680223073846662e+00,-1.638841031228241985e+00
-1.579639098883840909e+00,1.256352998744260097e+00
1.931377765488610843e+00,-1.480417763977173617e+00
2.062421672011153007e+00,-1.549453642891728045e+00
-1.238759282680374163e+00,1.059338207127239473e+00
2.481804948415245349e+00,-1.839611987985639185e+00
2.534912973576410433e+00,-1.893926547685695239e+00
2.163626699187889635e+00,-1.672064159948803530e+00
1.772166991645196532e+00,-1.351613861306715680e+00
1.251850657331227801e+00,-1.064633439932406667e+00
-2.006157378691510562e+00,1.523437555591095727e+00
-1.780282369724249358e+00,1.402353230337974210e+00
-1.368157677725661880e+00,1.123219816337308163e+00
2.101893808123188379e+00,-1.600635344495767720e+00
2.387197550971244198e+00,-1.788074261602344173e+00
1.701380897249308521e+00,-1.343328565077917425e+00
-1.560457376290430576e+00,1.251991557169882974e+00
2.075188337756560308e+00,-1.572023399859687975e+00
9.773286231239032285e-01,-8.799134493986111583e-01
2.401196937079057570e+00,-1.794239817493200828e+00
-1.218039477949188099e+00,1.003413695170031428e+00
1.480219216386216008e+00,-1.179304348109482703e+00
1.875186599346615912e+00,-1.433376485107781706e+00
2.002004922499838635e+00,-1.494025000730245356e+00
1.624350500789223606e+00,-1.270119194510258342e+00
2.513814078615089542e+00,-1.868021994243058925e+00
-1.118295480121642260e+00,9.781627852647067911e-01
1.936395140493927025e+00,-1.497760220275471621e+00
-1.716614782266888461e+00,1.322897607192597302e+00
1.889960022040387155e+00,-1.473078303445057191e+00
1.050999965903210764e+00,-9.064839869818688278e-01
-1.054883281795573780e+00,9.037821169589429493e-01
2.582179546943494941e+00,-1.911363707008565616e+00
-1.022323992044699592e+00,8.928041305322246268e-01
1.469384821975105559e+00,-1.143397523573335794e+00
-2.145365336787843802e+00,1.632260055383535136e+00
-1.828582551214018803e+00,1.426633460068334358e+00
2.595308921009736647e+00,-1.919433800244665811e+00
-8.431048767794364629e-01,7.732813469429995479e-01
2.284863051713508231e+00,-1.704694594846117628e+00
2.416462757875265321e+00,-1.800374083076591081e+00
9.577470960558668311e-01,-8.401566038733361275e-01
1.544947938121149500e+00,-1.256101520042590902e+00
2.599555365514986782e+00,-1.931944116086980134e+00
1.670758581504237394e+00,-1.317750698006084908e+00
-1.101924975724797306e+00,9.405587142661248068e-01
2.097381665019673491e+00,-1.590488996576841618e+00
-2.353834059588608696e+00,1.762020288339646967e+00
2.425693839705373112e+00,-1.811841411444820915e+00
-2.086356229292969822e+00,1.598474310616420535e+00
-1.380791005211214451e+00,1.107093977704687315e+00
-2.330227905425404700e+00,1.754481358296471338e+00
1.889033495524365280e+00,-1.454284347717981429e+00
2.100331858042798761e+00,-1.596102267221730209e+00
-2.298648971645854466e+00,1.727852933177628447e+00
-2.141433795364197756e+00,1.619297542208353757e+00
2.597169943824191307e+00,-1.926382100642095807e+00
2.340049231968717613e+00,-1.735618636603732945e+00
9.247881439594074493e-01,-8.699421450067282846e-01
-2.473836731393756594e+00,1.842416065791099733e+00
-1.689292994266571313e+00,1.345785540283927606e+00
1.667789274152929879e+00,-1.315411703976369973e+00
7.237316563128733948e-01,-7.202862348649854418e-01
2.464677978498646560e+00,-1.839611987985639185e+00
-1.660965740270508029e+00,1.271272796888421208e+00
2.464677978498646560e+00,-1.839611987985639185e+00
9.860217927929486592e-01,-8.659850616596884709e-01
1.949046587037576606e+00,-1.500650292143395070e+00
2.393565893822651169e+00,-1.781064657086791403e+00
2.378590435335198983e+00,-1.776818697834608773e+00
2.158068103081872913e+00,-1.629744203069009245e+00
2.073598124157213896e+00,-1.584375761162078566e+00
2.252628133842480285e+00,-1.683122023316427684e+00
-1.437987576021342084e+00,1.170854558407671719e+00
1.651380889206949476e+00,-1.313130727092795436e+00
9.731714911223031672e-01,-8.701740561690087805e-01
7.656049799939170786e-01,-7.554115934126923726e-01
2.130338874517580194e+00,-1.590515693250221352e+00
1.894580576702574959e+00,-1.457080597783324105e+00
-2.389257523331090205e+00,1.782890777433069562e+00
1.760128972082427579e+00,-1.315182433373979443e+00
-1.734841772830405304e+00,1.331989083992190626e+00
1.779269758741546914e+00,-1.410416063777662377e+00
2.378590435335198983e+00,-1.776818697834608773e+00
-2.461398166981514812e+00,1.840924261366626791e+00
1.189827037545022614e+00,-9.770727659734519399e-01
9.278341185278673464e-01,-8.517897342900505597e-01
-1.428873775246610300e+00,1.137550175060143998e+00
2.278821533636215868e+00,-1.708754347769379844e+00
1.945830853564857854e+00,-1.507758184332251616e+00
2.563541075030005612e+00,-1.915863426584348828e+00
1.963461091346013099e+00,-1.502201556843845598e+00
2.245280134521623339e+00,-1.679462176808906193e+00
7.289826462337682944e-01,-7.202862348649853308e-01
-2.462771596821537123e+00,1.845327368685454772e+00
-2.518566870407392244e+00,1.878337538894936820e+00
1.714735422709624757e+00,-1.336783055462683389e+00
1.694141007633856333e+00,-1.344098732645175209e+00
1.138564427358120579e+00,-9.641938105195470010e-01
-2.484161684682054450e+00,1.852103893025885517e+00
2.158068103081872913e+00,-1.629744203069009245e+00
-1.431456479468719234e+00,1.153978873603046740e+00
9.041236622519708277e-01,-8.301662315289792815e-01
7.413911457441759723e-01,-7.301484554344292999e-01
1.912597078606688594e+00,-1.456553281200655636e+00
2.558494898164690223e+00,-1.919433800244665811e+00
2.266495217313553301e+00,-1.677784846420731890e+00
1.741812521268299108e+00,-1.363123163734297538e+00
2.592283065722269519e+00,-1.916102699596329950e+00
-2.283142772697774880e+00,1.714238311441175888e+00
1.916094667014115016e+00,-1.422059313540438907e+00
1.955350251004541740e+00,-1.493460670393873757e+00
2.039837533749883747e+00,-1.566753031594762202e+00
9.903184480040312376e-01,-8.973241323906874234e-01
-1.214004910963720540e+00,1.007939253236536548e+00
-1.755536590763923765e+00,1.366202996204872733e+00
2.625659905230400604e+00,-1.949727665591568071e+00
1.795939499012552787e+00,-1.414763770477444282e+00
-2.661781646688096359e+00,1.967113703221972099e+00
-1.490183990885793008e+00,1.206253097393940044e+00
1.318664738613611886e+00,-1.080221818325378891e+00
-1.970764580582737180e+00,1.512705430842372190e+00
-2.344686087206313108e+00,1.765394915437890955e+00
1.793636540098333843e+00,-1.419034441171096672e+00
2.441274741782624158e+00,-1.825662818919724817e+00
-1.320604062786693067e+00,1.087791312200173888e+00
-2.116104773080603518e+00,1.600021719826635547e+00
-2.141433795364197756e+00,1.619297542208353757e+00
2.045059439764939313e+00,-1.560662204372093242e+00
8.656461687362346780e-01,-7.994103630172986197e-01
8.553485465143988442e-01,-8.038806957694170086e-01
1.921542874975220805e+00,-1.474454945114201276e+00
-1.871022108997261846e+00,1.431914719168804417e+00
-1.828582551214018803e+00,1.426633460068334358e+00
1.488472815477793754e+00,-1.211683989735698574e+00
-1.092083411517949187e+00,9.405587142661249178e-01
1.990869651003692287e+00,-1.527312412569600708e+00
2.501720968674629120e+00,-1.863156415136978161e+00
2.534235988631261094e+00,-1.892416181534473774e+00
-1.464129437816581669e+00,1.154787240771075307e+00
9.748267500249907513e-01,-8.401566038733361275e-01
2.223221574525726218e+00,-1.684385732936111157e+00
-2.239830626501026600e+00,1.668540569497646509e+00
-2.629682478777612076e+00,1.949422111782806111e+00
-1.848369564505466967e+00,1.430977720295945277e+00
-1.865125649388611251e+00,1.463445655792121158e+00
2.602097181944991622e+00,-1.931944116086980356e+00
1.866618133780274302e+00,-1.454989859746783853e+00
1.647649204628160335e+00,-1.270046553386457333e+00
-2.276679905115521763e+00,1.676152311060877143e+00
-2.372330792291976742e+00,1.780363165564477823e+00
-1.100731183587634554e+00,9.488706511103673913e-01
2.289873245189624207e+00,-1.730898734515041060e+00
2.172545564306036070e+00,-1.638878989863605140e+00
-1.451247386512399151e+00,1.136197133943060544e+00
2.488695399821237331e+00,-1.845671104120694128e+00
2.434242678397451343e+00,-1.815993142775095937e+00
2.030449804280985759e+00,-1.544032798802798423e+00
-1.585148762561441549e+00,1.251547514430593200e+00
-2.349239573401475933e+00,1.762020288339646967e+00
-1.085376866300463039e+00,9.345832680571524165e-01
2.477686631650720450e+00,-1.863928589679583636e+00
-2.060065957268106374e+00,1.588483607222219929e+00
7.495046992034870570e-01,-7.363639570759276110e-01
-2.607300396511980978e+00,1.927805109565258856e+00
1.952630405212932407e+00,-1.507419910783724504e+00
1.811812096159136631e+00,-1.434799055342280028e+00
-2.081265360086542948e+00,1.565742339947202355e+00
-2.262577131461323887e+00,1.692972067380534629e+00
-2.452564069506451450e+00,1.817836172072124334e+00
-2.170121814310431496e+00,1.632260055383534914e+00
1.786591458860410153e+00,-1.365654287699618941e+00
-2.239219409679791273e+00,1.668331777238716507e+00
-1.206423841477386016e+00,9.905704485245774293e-01
-2.468528537963882385e+00,1.838935147745344167e+00
2.511424517982947968e+00,-1.845671104120694128e+00
2.620287996057033553e+00,-1.937959276879124060e+00
2.554127924504206781e+00,-1.911178725165942449e+00
-1.850218936488402743e+00,1.425076060845660963e+00
1.322877741219627534e+00,-1.097069735566195803e+00
-1.335087581687674829e+00,1.095564892790390488e+00
1.590561735612785021e+00,-1.270099030635454485e+00
-2.243959266706954114e+00,1.696721581114040811e+00
1.953409925719591156e+00,-1.501980341619014503e+00
9.417598916315026436e-01,-8.498123220063084071e-01
-1.343105246330402291e+00,1.102844099439568293e+00
1.883039396811968302e+00,-1.450690727376674483e+00
1.681658950277084230e+00,-1.367254353016169599e+00
-2.661781646688096359e+00,1.967113703221972099e+00
-2.634680422952199397e+00,1.946660510189025306e+00
-2.376476137379841980e+00,1.780363165564477601e+00
-1.544120000194257880e+00,1.203299254419236242e+00
1.025206181260772897e+00,-9.183231212356685047e-01
1.249861508110857278e+00,-1.030212094218941221e+00
-1.386893827259223722e+00,1.155766941513475698e+00
-1.054883281795573780e+00,9.037821169589430603e-01
-2.376476137379841980e+00,1.780363165564477601e+00
2.584429755338620183e+00,-1.919427464855183896e+00
1.967784769980283510e+00,-1.533439866688422804e+00
2.638032671913143723e+00,-1.954047486582549897e+00
-2.171788445772500076e+00,1.654180023170501945e+00
1.532161695511678801e+00,-1.215952754936121760e+00
-2.443511673340718726e+00,1.817485789622968806e+00
-1.354326074010330672e+00,1.118121289475197955e+00
8.374317847027369366e-01,-7.688965091540919117e-01
2.051970561865452680e+00,-1.558914770162243446e+00
1.999136725745036536e+00,-1.518793004542750014e+00
-2.663345351574320841e+00,1.971085297970681882e+00
-2.458278956564158513e+00,1.817836172072123890e+00
-2.494604011426988954e+00,1.863819587615584528e+00
2.579307345020096065e+00,-1.915875021703455694e+00
-2.430648490146731788e+00,1.818931359951765359e+00
-1.108774619301279518e+00,9.282173368812992598e-01
-2.344686087206313108e+00,1.765394915437891177e+00
-2.143643160032989936e+00,1.622510003277952029e+00
-1.288552922995233274e+00,1.061888280014453789e+00
-2.369981458255355111e+00,1.775363779108714679e+00
2.205958038015581213e+00,-1.676022988374203271e+00
-1.113863070053816795e+00,9.589209322649513423e-01
1.934719556329703716e+00,-1.485783267229454641e+00
-7.618934749926156158e-01,7.473264871151070743e-01
-2.408119155420416213e+00,1.796965288308418618e+00
2.486518264337798545e+00,-1.849447021566079208e+00
1.095530706748704342e+00,-9.464518735565908836e-01
1.923537360805532392e+00,-1.511071519457422463e+00
1.241636820867913826e+00,-1.031207098046787340e+00
8.052419468363281041e-01,-7.684739280805822359e-01
2.169667836248953652e+00,-1.633945684734706250e+00
1.972596777235124943e+00,-1.498353878950618334e+00
-2.381062269819564925e+00,1.797099523359844131e+00
2.185021452338269832e+00,-1.649942214220719405e+00
2.053198090837555334e+00,-1.554143854318428275e+00
2.226935063966692052e+00,-1.681124041561080418e+00
-1.302209667127846027e+00,1.081549751435813445e+00
2.535759182979887338e+00,-1.893926547685695461e+00
2.511712135446898309e+00,-1.875455462171752963e+00
2.647446991001248140e+00,-1.960001849548255182e+00
8.724687924008303064e-01,-8.038806957694171196e-01
-2.168150913689416370e+00,1.620600292844331713e+00
-2.093624685793499030e+00,1.597984861997591377e+00
2.448521758094545753e+00,-1.825773683888494592e+00
1.513585797427803081e+00,-1.198752838205739302e+00
2.389581266924460490e+00,-1.795732217331053926e+00
1.447781187461782970e+00,-1.187862933221601969e+00
-2.260232924249310216e+00,1.714666706484426761e+00
-1.375355463438155512e+00,1.101501505706981021e+00
2.564911560828871728e+00,-1.900589972074847367e+00
2.509072176127866705e+00,-1.887136763712547571e+00
1.908647752665117547e+00,-1.462821982009506527e+00
-2.207946471899482788e+00,1.659633792399103580e+00
-2.341198730235793057e+00,1.776374852066890941e+00
2.195946562845038308e+00,-1.660707861303552413e+00
-1.394186557675165972e+00,1.162113221418848319e+00
2.614407419730841120e+00,-1.938108966928697718e+00
2.063820071435768178e+00,-1.571257646023181964e+00
-1.015447150071514093e+00,8.928041305322247378e-01
-1.980577827130081348e+00,1.497362760321517161e+00
-1.825737792591278108e+00,1.422784889141999409e+00
2.139905716887557929e+00,-1.627131257571545087e+00
8.174494881310309102e-01,-7.908224720083789627e-01
2.640017310558238073e+00,-1.956323254456161731e+00
-1.621008998191511452e+00,1.292144509919112005e+00
-1.541287751768855907e+00,1.230565017472430522e+00
1.824033909253277796e+00,-1.377738916038365291e+00
1.972596777235124943e+00,-1.498353878950618334e+00
2.439683772960203889e+00,-1.833829151972123261e+00
-1.919569575119147498e+00,1.470352413179321083e+00
-1.223545993741003368e+00,1.039673829410007411e+00
1.988447226965038617e+00,-1.507932334757759119e+00
-2.281295824585127807e+00,1.718552757710588796e+00
-1.767634416485992954e+00,1.369552182413687591e+00
7.202325893694365710e-01,-7.194756750791078126e-01
-2.196870162362814849e+00,1.682174571516203310e+00
-2.523544454426656536e+00,1.873452043758802921e+00
1.820748826253681729e+00,-1.414009408072378626e+00
8.307198409649503290e-01,-7.970561244583804772e-01
2.602097181944991622e+00,-1.931944116086980134e+00
-2.531434683214133230e+00,1.899347698276553587e+00
-8.361764063863086349e-01,7.802251962374562311e-01
2.633052526057956477e+00,-1.956323254456161731e+00
-1.153207035984728179e+00,9.836849262379301351e-01
1.720560176295322652e+00,-1.343140926359106313e+00
2.048054962530347467e+00,-1.566302750618035144e+00
-2.189950880727138838e+00,1.656577819738495716e+00
-2.618385192752652024e+00,1.933878137650947737e+00
-1.413935373013279984e+00,1.146576259837215783e+00
-2.105790204160649548e+00,1.595750761596400391e+00
2.561800796461959795e+00,-1.897878549238989798e+00
1.614761080883241107e+00,-1.272133646613560876e+00
-2.361769843485008735e+00,1.762020288339646967e+00
2.121947836435220669e+00,-1.601492122382035976e+00
-1.214004910963720540e+00,1.007939253236536548e+00
2.107258762011507525e+00,-1.614667586132252142e+00
2.434242678397451343e+00,-1.815993142775095937e+00
-2.623494262823790724e+00,1.941567964861778073e+00
2.547013170600758158e+00,-1.888177301654201390e+00
1.861317161804589837e+00,-1.431712672717198709e+00
-2.538527971547105189e+00,1.890918189511038072e+00
1.932603225463374486e+00,-1.466566486089016852e+00
-1.491141661602396695e+00,1.203605026977849324e+00
-2.656925864939019277e+00,1.964014221400238513e+00
-2.228660283022110278e+00,1.656887652866300131e+00
1.994881439042339277e+00,-1.521659555446458700e+00
-2.450420761061589126e+00,1.814820507116763793e+00
-2.530060028535260130e+00,1.877978921134558332e+00
-2.623494262823790724e+00,1.941567964861777851e+00
-1.725616374702162226e+00,1.351505442814588953e+00
-2.180619377672729620e+00,1.656577819738495494e+00
1.997839101733576150e+00,-1.527649465429065989e+00
-9.980710992038500651e-01,8.799641800761024424e-01
2.017021263626874283e+00,-1.543453289001317508e+00
-1.317593564603715350e+00,1.070438745869289221e+00
8.474507860813610405e-01,-7.974468960375057369e-01
7.826340386607222310e-01,-7.708624710178574313e-01
9.824780360897634734e-01,-8.774419135928934743e-01
2.309642434399408195e+00,-1.732500079521551495e+00
-1.739660537883596314e+00,1.351505442814588953e+00
2.236863763366026436e+00,-1.678947088204774118e+00
-1.830343222500399047e+00,1.402353230337974210e+00
-1.077914481437643346e+00,9.131543874267276095e-01
1.247243568818302339e+00,-1.036270484535156466e+00
-2.540891842508004483e+00,1.899430334133726639e+00
1.285710673017713024e+00,-1.072417935047295101e+00
-2.471958714729043827e+00,1.833478412208486841e+00
2.393565893822651169e+00,-1.781064657086791403e+00
-2.298618209002994295e+00,1.717361385013500996e+00
-1.865125649388611251e+00,1.463445655792121158e+00
9.234640217279492802e-01,-8.301662315289792815e-01
-1.598251247960617905e+00,1.265057316741241777e+00
2.550295838845518581e+00,-1.891690416663816876e+00
2.549102828028683820e+00,-1.891690416663817320e+00
2.445163475824697841e+00,-1.829773931730221070e+00
-2.451674406700945497e+00,1.824920574314812027e+00
2.220930716368109792e+00,-1.678947088204774118e+00
2.368995497826039909e+00,-1.756565777803329897e+00
1.683719855702550783e+00,-1.289855055692732400e+00
2.265506670609471307e+00,-1.705080331889564871e+00
1.872546517901518159e+00,-1.453568380716838471e+00
-1.555257624068956179e+00,1.255531173678605228e+00
1.692058458959122547e+00,-1.336859726547424909e+00
-2.539787580651442944e+00,1.899430334133726639e+00
2.023637468066270095e+00,-1.556085398643847650e+00
2.387197550971244198e+00,-1.788074261602344173e+00
1.656102394935306865e+00,-1.317750698006084686e+00
-1.557092211789952607e+00,1.256193958688272438e+00
-2.291785913724023516e+00,1.725633373466520126e+00
2.208597104357435725e+00,-1.666659861039153423e+00
-2.347972441207135219e+00,1.761860193737663893e+00
1.605319454714437377e+00,-1.295582759388903771e+00
-1.176280967460623383e+00,1.018256420002113583e+00
1.434858324581084865e+00,-1.158974779312698988e+00
2.643792239018849077e+00,-1.959051393052923640e+00
2.342467975671026714e+00,-1.739953658522216617e+00
-1.538260012589023340e+00,1.222292503420665088e+00
2.287461850167524791e+00,-1.730898734515041060e+00
-1.927560724986291607e+00,1.512705430842372412e+00
1.378368988151190244e+00,-1.130335267369593444e+00
1.778044272106391821e+00,-1.378060215960491552e+00
-1.816858800731778967e+00,1.423278476461995679e+00
1.230424449302388812e+00,-1.061144768854719755e+00
-1.273092594019166413e+00,1.056438408521762184e+00
-1.180563584223993434e+00,9.978747979380898636e-01
-1.440782105848693373e+00,1.155766941513475921e+00
1.902817400277483362e+00,-1.507419910783724504e+00
1.867665330807658952e+00,-1.454989859746783853e+00
2.255878046800709580e+00,-1.682569450766097319e+00
8.483439477464385092e-01,-8.055118724576184608e-01
2.306455873212377661e+00,-1.730139561697781936e+00
-1.382950946674764037e+00,1.118618039531638297e+00
-1.576610899468207094e+00,1.286226471310371267e+00
2.155789197445654448e+00,-1.640621814841432879e+00
2.306455873212377661e+00,-1.730139561697781936e+00
1.392331194177110376e+00,-1.114310005861490982e+00
1.424797052471035164e+00,-1.141115721214298828e+00
-1.209930499902599710e+00,1.015099766242849366e+00
1.032962578719111679e+00,-9.041038788514899061e-01
1.293046783845567482e+00,-1.065361456920400185e+00
2.569350478316581476e+00,-1.908160424083841900e+00
1.885018598661281963e+00,-1.403996550073425498e+00
-1.279851522041280942e+00,1.030470237511547760e+00
2.417417254034725627e+00,-1.802811679283368385e+00
2.573060698376374411e+00,-1.907902716942370791e+00
2.013558067063526913e+00,-1.495071936743903374e+00
-2.666981656710442739e+00,1.977239072926824104e+00
9.173139355388829630e-01,-8.401566038733361275e-01
1.200934521574579250e+00,-1.001630619290756030e+00
-8.985469324029613514e-01,8.081582463120002835e-01
-8.015740890864033741e-01,7.714501779784856961e-01
8.762611436743444893e-01,-8.267270385478354688e-01
-2.126171143012497211e+00,1.596141104903766372e+00
-1.598251247960617683e+00,1.265057316741241777e+00
-1.403996771290353607e+00,1.146782584390820814e+00
-2.479461430909564612e+00,1.855350424714953927e+00
1.065817933620203828e+00,-9.194921254615451289e-01
2.153315645761165076e+00,-1.640517519112551614e+00
-1.627102057177459926e+00,1.296174003351344917e+00
2.456080321447179138e+00,-1.825773683888494592e+00
1.939394173747675643e+00,-1.490925341052280029e+00
-2.041702494194124640e+00,1.542249221865434006e+00
1.111569606589114301e+00,-9.731455712397747426e-01
-2.189950880727138838e+00,1.656577819738495716e+00
1.886984917479948898e+00,-1.457080597783324105e+00
1.879466204922255024e+00,-1.440035896861319387e+00
2.581162341837425878e+00,-1.904403932737367189e+00
2.486891464444735966e+00,-1.845711226207610522e+00
2.217356491115947126e+00,-1.664925030171400255e+00
1.475922688597953503e+00,-1.189680220624877549e+00
2.077570184043347368e+00,-1.584349169975542537e+00
-1.788711901511773394e+00,1.388475361279946974e+00
2.210436117029597636e+00,-1.646601246358096793e+00
1.803714171995575599e+00,-1.406553262368819945e+00
-2.669858738789034902e+00,1.978969735468194768e+00
1.769147821207147420e+00,-1.360295277708504891e+00
1.008269448338943164e+00,-9.006528682507393135e-01
2.414617063786201001e+00,-1.822628729462447694e+00
1.657249681065143365e+00,-1.303368696666797222e+00
2.521438159522329414e+00,-1.866927135067915522e+00
2.137435971781583177e+00,-1.598691480271902110e+00
2.267382757597380838e+00,-1.703977967524638704e+00
-2.193888137004479155e+00,1.640710613532843531e+00
-2.346111848401472244e+00,1.780363165564477601e+00
-1.495929812905163026e+00,1.202738531557542068e+00
1.422812371746081439e+00,-1.156082275532221093e+00
-1.388592735156437996e+00,1.118121289475197955e+00
1.841511393560363086e+00,-1.422059313540438907e+00
-1.520134768934342961e+00,1.218095357246137045e+00
2.626844571459972411e+00,-1.942243995855161609e+00
-2.317403792828300446e+00,1.741377932273936224e+00
2.519860763089924127e+00,-1.870624892835315967e+00
2.202568052813851374e+00,-1.652856856766390603e+00
-1.986815607175561382e+00,1.507529299482464724e+00
2.653453374740150306e+00,-1.959915468641898251e+00
-2.135382811724753083e+00,1.619319085069459874e+00
-2.470975643865132909e+00,1.840924261366627013e+00
-2.590631958871581375e+00,1.911920192347003944e+00
-2.365631254405872852e+00,1.765450450429507434e+00
-1.397724923063426328e+00,1.137011358814617790e+00
-2.212777432877765627e+00,1.672543541469511563e+00
-1.037432183665100593e+00,8.917139689459032681e-01
-2.509511226835599018e+00,1.873212184312563089e+00
-1.454405021341000470e+00,1.146576259837215783e+00
-7.570877846604534556e-01,7.418340128078264595e-01
1.792461673937844280e+00,-1.392436138430672710e+00
1.968800114336710205e+00,-1.494384739702303566e+00
1.511615898664386393e+00,-1.212955933557972266e+00
-1.498727083842524177e+00,1.216928236790721929e+00
-1.977703392196251020e+00,1.501922740667219314e+00
2.136966303854958227e+00,-1.631955923744308867e+00
2.557226135406972745e+00,-1.919697617020622360e+00
2.406491257979650911e+00,-1.794814760109338714e+00
-1.327798488137196919e+00,1.094732719594656789e+00
2.528295001776720063e+00,-1.861020536677843618e+00
1.930578946092387227e+00,-1.467223802338240013e+00
2.336498578550046279e+00,-1.730898734515041060e+00
8.563317123389887486e-01,-8.038806957694171196e-01
-2.291785913724023516e+00,1.725633373466520126e+00
2.082858947551576634e+00,-1.567349863984332181e+00
2.577205756779255008e+00,-1.909677387778930591e+00
-1.442247875503415155e+00,1.164715404042224289e+00
-2.529932720439726612e+00,1.863909741997326730e+00
2.413268746441526780e+00,-1.800374083076591081e+00
-2.008515795788234470e+00,1.533495802652903528e+00
2.599866086953437350e+00,-1.926382100642095807e+00
2.272282378894415089e+00,-1.700526104414381567e+00
-8.200493558320673948e-01,7.753973669394412793e-01
2.186651082903943166e+00,-1.644390385881107086e+00
2.296608848482319054e+00,-1.713243149555507383e+00
8.254731015400043059e-01,-7.827679098691973092e-01
-2.146919971467462496e+00,1.630772174037468769e+00
1.001244350582754183e+00,-8.774419135928934743e-01
2.315462559914408303e+00,-1.717535786705993939e+00
-1.825737792591278108e+00,1.422784889141999409e+00
-1.581874443551013698e+00,1.268258525571100748e+00
2.373830713852841612e+00,-1.788074261602344173e+00
-1.687946431897847432e+00,1.351505442814588953e+00
1.984990799111941762e+00,-1.536675750685467357e+00
2.650273903488997274e+00,-1.959915468641898251e+00
-1.858756523355632240e+00,1.431914719168804417e+00
1.665741319180252367e+00,-1.297556432779820135e+00
-1.419262180771245330e+00,1.150711620600992857e+00
2.359597243575604075e+00,-1.766069819588300005e+00
7.367448246004631995e-01,-7.224331909673993302e-01
1.377059785626102650e+00,-1.097069735566195803e+00
-1.631804663690772372e+00,1.272946616729941915e+00
2.621485094376171610e+00,-1.942896779529280415e+00
-1.750241905701646061e+00,1.351717994123611266e+00
2.597169943824191751e+00,-1.926382100642095807e+00
-1.728738369196932023e+00,1.351505442814588953e+00
2.611413885759207076e+00,-1.937959276879124060e+00
1.588094754278766452e+00,-1.228618569103500979e+00
-1.262208350958838210e+00,1.080327536630862451e+00
-1.538260012589023340e+00,1.222292503420665088e+00
1.963461091346013099e+00,-1.502201556843845598e+00
-2.528476727541914215e+00,1.872020924755827043e+00
-1.653807373574039064e+00,1.296267543400953848e+00
-1.072423426352381748e+00,8.971503699687386479e-01
2.384115548696258191e+00,-1.793816908325513992e+00
1.299105009952332468e+00,-1.030952062240965583e+00
-9.360719652911302369e-01,8.491958096582505888e-01
-1.644210774351766213e+00,1.295227634653594029e+00
2.496479793679187154e+00,-1.857611028484029703e+00
1.678756970586918085e+00,-1.320104291751861947e+00
1.697196706262046773e+00,-1.336859726547424909e+00
2.329978023116735741e+00,-1.755228402174028979e+00
2.491692276344275925e+00,-1.869070839464123779e+00
1.679997925812125814e+00,-1.335973427224101284e+00
-1.151423796147074574e+00,9.723159938741275932e-01
-1.416839974061727681e+00,1.147572977034922115e+00
1.855335735968483890e+00,-1.424128981813642891e+00
2.319591945938331623e+00,-1.758619480735749807e+00
2.418551666745763384e+00,-1.792350080340987972e+00
1.918520264247512541e+00,-1.498353878950618778e+00
-2.453777445312198768e+00,1.840416594158291952e+00
1.671695109429596648e+00,-1.290400980233183947e+00
2.092351457061226938e+00,-1.590130325738455142e+00
-1.794922471334116532e+00,1.372505655137606251e+00
-1.184752457782550117e+00,9.970411464411294000e-01
2.154436958170510508e+00,-1.638841031228241985e+00
-2.015148268506758988e+00,1.544758911946638946e+00
2.090592417105570977e+00,-1.576304713463515306e+00
1.061277397904113684e+00,-9.051283249466002268e-01
-2.658579716671463089e+00,1.967456477302582663e+00
1.233404358151665381e+00,-1.028275699651019170e+00
-1.708853997963868387e+00,1.338430733216772417e+00
1.624350500789223606e+00,-1.270119194510258342e+00
8.140187989308844685e-01,-7.647748128129916445e-01
1.194052497769648058e+00,-1.001630619290756030e+00
-2.503020226742314058e+00,1.869043790497167512e+00
-1.900476743199628116e+00,1.464407455595318375e+00
-1.169023412379146087e+00,9.577034495800794689e-01
1.427410111975043527e+00,-1.146279146763174328e+00
-2.616411067538379598e+00,1.930818711536091303e+00
-1.048840534416395798e+00,8.928041305322245158e-01
1.786591458860410153e+00,-1.365654287699618941e+00
2.160230736138642804e+00,-1.650883345892440346e+00
2.182809004099588890e+00,-1.649849375045356448e+00
-2.641705999009023920e+00,1.951886825269122827e+00
-2.493195917617716972e+00,1.853752583382668240e+00
2.007455038881319709e+00,-1.533743879992681025e+00
2.241861198563514179e+00,-1.686518958226760567e+00
1.564810046269389687e+00,-1.239300957845204554e+00
2.337980485191867963e+00,-1.755199495010152599e+00
-1.462481181163840960e+00,1.156148672474184735e+00
-2.116104773080603074e+00,1.600021719826635547e+00
-1.640960387176602309e+00,1.295227634653593807e+00
1.095530706748704564e+00,-9.464518735565907726e-01
-1.871022108997261846e+00,1.431914719168804417e+00
-1.290045686519549095e+00,1.101519459878664398e+00
2.132379221991303808e+00,-1.590178056943142071e+00
-2.532430094844445811e+00,1.876204262696440805e+00
-1.196398764776998025e+00,1.009234265587612533e+00
2.513239936376366224e+00,-1.866927135067915522e+00
-7.873146509172399554e-01,7.535874367749779701e-01
2.174249523398194217e+00,-1.601490821795151120e+00
-2.038559517454740622e+00,1.542249221865434006e+00
-1.058741188426177926e+00,9.131543874267273875e-01
-9.561422020755026008e-01,8.491958096582506998e-01
1.937811692876423963e+00,-1.502233346786641999e+00
-2.321578954526537508e+00,1.717008222755403546e+00
-1.160669653810361801e+00,9.582458228648964571e-01
1.831579497955944102e+00,-1.414009408072378626e+00
-2.308939622490599142e+00,1.737527966300968618e+00
1.773287923067761174e+00,-1.362601575591462666e+00
2.431468902072831728e+00,-1.794561684684013780e+00
2.567592643156358712e+00,-1.908700494178411144e+00
1.809901549666121712e+00,-1.394899842432233639e+00
-2.350824040550341998e+00,1.761863686663328821e+00
-2.131864099070390317e+00,1.635330910491847423e+00
-2.424239334363779363e+00,1.818080192204656331e+00
-1.080529356447309297e+00,9.522021905654747265e-01
-2.391753137994291123e+00,1.775577145027997794e+00
2.261858398493728828e+00,-1.668349959407610328e+00
-2.310881717452083706e+00,1.737832099692174559e+00
-1.528203861299005650e+00,1.216928236790722151e+00
-2.174824513056126563e+00,1.658085882191606464e+00
9.801628826548682838e-01,-9.011331919042073757e-01
2.403155057546004336e+00,-1.792350080340987972e+00
8.818726725134395927e-01,-8.124404957551137896e-01
-1.115777281644941166e+00,9.524373137258349553e-01
1.408413906899478540e+00,-1.144118847613836643e+00
-2.301880224252743634e+00,1.735689965885031327e+00
1.996970253802126560e+00,-1.523025319500745489e+00
2.010609343484609290e+00,-1.536231707946177583e+00
-1.629162962585201546e+00,1.266849989483925132e+00
1.722608779887278452e+00,-1.336783055462683389e+00
-2.397919331976977375e+00,1.787099730315605317e+00
7.338555490510849655e-01,-7.188756197774347489e-01
2.561800796461959795e+00,-1.897878549238989798e+00
-1.975413830306316898e+00,1.501922740667219092e+00
-2.077034201435823846e+00,1.576870791637687841e+00
1.731853553058224637e+00,-1.349989471636241056e+00
1.028775606326866043e+00,-8.974512018861968699e-01
-1.800990556057164849e+00,1.395317107323824635e+00
2.134222100009070644e+00,-1.625575086108824063e+00
1.593876665096642053e+00,-1.260408389614467772e+00
-1.574247288517722998e+00,1.270080141090543790e+00
-1.569537123571165260e+00,1.214321578737821650e+00
2.021934904017620660e+00,-1.549042547415290016e+00
2.542762121028125044e+00,-1.882453565614896185e+00
-2.225825215786669808e+00,1.659633792399103136e+00
-2.095657111143562901e+00,1.598525501320441133e+00
-1.401148569802746380e+00,1.118121289475197955e+00
2.111780765082198918e+00,-1.555064399649833895e+00
2.236863763366026436e+00,-1.678947088204774118e+00
-1.838148423145176125e+00,1.408452269459976369e+00
1.548614707011641833e+00,-1.229802162135058552e+00
1.602928562600844042e+00,-1.271518251283394907e+00
-2.300840301024494661e+00,1.735689965885031327e+00
2.655383502649298677e+00,-1.961115288833001902e+00
2.241861198563514179e+00,-1.686518958226760567e+00
2.481804948415245349e+00,-1.839611987985639185e+00
-1.312734929047898014e+00,1.105044628898925740e+00
-2.631577272312024540e+00,1.948954997451388227e+00
2.079774236021046274e+00,-1.567349863984331959e+00
2.355009416729133775e+00,-1.756301113148222903e+00
1.552571752916900305e+00,-1.227321296634001246e+00
-2.474271901525443962e+00,1.842416065791099733e+00
2.559889753048552485e+00,-1.904403932737367189e+00
1.744101250540370351e+00,-1.312954720281035659e+00
2.435865835341295416e+00,-1.817324116509318133e+00
1.867665330807658952e+00,-1.454989859746783853e+00
2.177877982107625066e+00,-1.648460802977793627e+00
-1.459870506607714447e+00,1.158393860198324132e+00
-2.428554355974135603e+00,1.800264472142159899e+00
9.478302615884497406e-01,-8.705909431026941370e-01
1.846834491885842588e+00,-1.436577361321180080e+00
2.083691859335301544e+00,-1.567860896361872536e+00
-2.618385192752652024e+00,1.933878137650947737e+00
-1.703412232171477747e+00,1.290011904924153852e+00
2.334926612154045067e+00,-1.743116049405097900e+00
2.030449804280985759e+00,-1.544032798802798423e+00
-9.695250553125265291e-01,8.679496615694598516e-01
2.570387628037954730e+00,-1.894332281633436477e+00
-2.606318297298856557e+00,1.930818711536091303e+00
1.899392661667543614e+00,-1.458547837681879678e+00
2.399711518371308472e+00,-1.788074261602344173e+00
2.586250974689595417e+00,-1.910510291002414540e+00
1.926285438492042257e+00,-1.474454945114201276e+00
1.836832918321674057e+00,-1.390965842847129874e+00
-1.363883359551044228e+00,1.123343639629274637e+00
-2.366975915742101755e+00,1.772568583281895815e+00
2.640017310558238073e+00,-1.956323254456161731e+00
2.432244814046607306e+00,-1.825662818919724817e+00
2.272282378894415089e+00,-1.700526104414381567e+00
-1.130855141790375162e+00,9.732279267358048269e-01
-1.142945410591125421e+00,9.781627852647067911e-01
-2.608711055547055402e+00,1.945304123285179099e+00
-8.083927025424118007e-01,7.418340128078263485e-01
1.988447226965038617e+00,-1.507932334757759119e+00
1.762470214220647424e+00,-1.338363319019505226e+00
-2.294458331504626969e+00,1.728254558855752077e+00
2.380577799179513399e+00,-1.785065960162699472e+00
1.720560176295322652e+00,-1.343140926359106313e+00
1.917426989837668794e+00,-1.458491860242756566e+00
1.517332347905103518e+00,-1.198752838205739302e+00
-1.350612143417125210e+00,1.114099621409319951e+00
2.360472306762896988e+00,-1.761446329642981423e+00
-1.282468038916004138e+00,1.091416464132766162e+00
2.423111017011079227e+00,-1.811809866980586659e+00
2.504943963056156520e+00,-1.863314800271088867e+00
1.332004378975998549e+00,-1.097069735566195803e+00
1.229642405562528129e+00,-1.035264231992101269e+00
2.032262319677301754e+00,-1.539112165637801066e+00
2.233300648116229858e+00,-1.645437825212594074e+00
1.659467190242808865e+00,-1.298896571145194745e+00
-1.046852229758608477e+00,9.131543874267276095e-01
-1.301454923516000894e+00,1.084498224886587980e+00
1.070161450092333322e+00,-9.194921254615450179e-01
8.419519678929137108e-01,-7.727114353874362518e-01
2.439035590627652184e+00,-1.824175911141373785e+00
1.368757404474985062e+00,-1.129288557663400194e+00
-2.507764411434397989e+00,1.868937465280503973e+00
-2.382800127442273652e+00,1.787202610964400806e+00
-2.659940529766712025e+00,1.973896763171449908e+00
-1.432463537887488814e+00,1.157810216218570609e+00
2.113647208755748963e+00,-1.616019641400223694e+00
1.965143082416809239e+00,-1.504932740224570686e+00
-1.736183855188957015e+00,1.351505442814588953e+00
2.421241367938516298e+00,-1.798950376550668917e+00
1.395760285022263680e+00,-1.156082275532221093e+00
1.983296993588776758e+00,-1.513747270743964535e+00
-2.443792610264051035e+00,1.817487642780803547e+00
1.593876665096642053e+00,-1.260408389614467772e+00
-2.594491164328424304e+00,1.921463104678105882e+00
1.265831192778483327e+00,-1.049290055109610709e+00
-1.728738369196932023e+00,1.351505442814588953e+00
2.411746945073343973e+00,-1.797615503975271922e+00
-9.023275788062194991e-01,8.260171888574905363e-01
-2.350983145062301105e+00,1.761860193737663671e+00
2.553109044183955234e+00,-1.880892196846729592e+00
1.943138365418155544e+00,-1.497760220275471621e+00
2.572249091617642591e+00,-1.907902716942370791e+00
1.831579497955944102e+00,-1.414009408072378626e+00
2.263875170060184239e+00,-1.704694594846117628e+00
-1.706939780910817106e+00,1.329130479144498223e+00
1.458872974228929031e+00,-1.167487210319660962e+00
-2.363728632613887548e+00,1.772568583281895815e+00
1.908647752665117547e+00,-1.462821982009506749e+00
2.049048267113488198e+00,-1.567349863984332181e+00
-2.603534273788622677e+00,1.933878137650947737e+00
2.436503468457162036e+00,-1.824175911141374007e+00
2.197920010939324875e+00,-1.648754262721058073e+00
-1.823622189194874510e+00,1.408452269459976369e+00
-1.941667737861447307e+00,1.512705430842372190e+00
1.711858904498838152e+00,-1.381263204138168721e+00
2.084765653717184364e+00,-1.573372000981122731e+00
-1.746205006275956206e+00,1.358282534333110636e+00
1.278034221152473116e+00,-1.072417935047295101e+00
-1.896112376229532437e+00,1.464407455595318375e+00
2.648446315577812626e+00,-1.959915468641898251e+00
2.066648410645595568e+00,-1.571847338538962191e+00
2.555540048567639388e+00,-1.900589972074847367e+00
-1.558451820865836446e+00,1.251991557169882974e+00
-1.042712936159398307e+00,8.928041305322246268e-01
2.524958536364022788e+00,-1.880718923023920741e+00
1.956999541211699167e+00,-1.505359864306788475e+00
-1.569537123571165260e+00,1.214321578737821650e+00
2.633052526057956477e+00,-1.956323254456161731e+00
2.476775421634751950e+00,-1.834418561387048285e+00
-2.191277370883073949e+00,1.623749151472886343e+00
1.005234345574565591e+00,-8.834316722762993734e-01
2.049048267113488198e+00,-1.567349863984332181e+00
1.993337588271922645e+00,-1.506105359265808907e+00
-2.357448433588047454e+00,1.761945520026828138e+00
1.226406087064116246e+00,-1.044683612687234531e+00
-2.526732094790529182e+00,1.867214637865864724e+00
-2.484161684682054450e+00,1.852103893025885739e+00
1.133424506996657755e+00,-9.731455712397746316e-01
1.905606178855150823e+00,-1.470976675382255294e+00
-1.121889379686795696e+00,9.405587142661249178e-01
-1.816858800731778967e+00,1.423278476461995679e+00
2.124291264291082726e+00,-1.599114377877334237e+00
2.318995572807951433e+00,-1.748740541071414523e+00
1.534303433192240496e+00,-1.236325318206415336e+00
-1.852425061912879922e+00,1.450487669278525793e+00
-2.489618550295613630e+00,1.851406146144734421e+00
-1.139718558715533625e+00,9.542387974613744106e-01
7.688884935405821963e-01,-7.493895708544660028e-01
2.255341406631672818e+00,-1.697321234907306353e+00
-2.526732094790529182e+00,1.867214637865864724e+00
1.554156107566025513e+00,-1.258160308243913228e+00
7.169414095636628126e-01,-7.107781186810870899e-01
2.234473939982073887e+00,-1.700652104088705929e+00
1.245082822105640474e+00,-1.029110326893807104e+00
2.124291264291082726e+00,-1.599114377877334459e+00
2.611857943182121389e+00,-1.936415865722240337e+00
-1.104364549833104725e+00,9.552468119754068399e-01
2.203844711759903152e+00,-1.661622837330673619e+00
-1.473316376754326251e+00,1.179248585392855375e+00
-2.281295824585127807e+00,1.718552757710588796e+00
-1.493433736455429095e+00,1.167303313797575459e+00
-2.428554355974135603e+00,1.800264472142159899e+00
2.211632448012885277e+00,-1.688042161215508763e+00
2.577660589020104531e+00,-1.914436004537663827e+00
8.615154591260117956e-01,-8.012065065040070433e-01
-2.590631958871581375e+00,1.911920192347003944e+00
-7.556235499671679623e-01,7.418340128078263485e-01
1.404233354009783108e+00,-1.156082275532221093e+00
1.546570008262155405e+00,-1.236325318206415336e+00
2.459591812386139775e+00,-1.817196293630761517e+00
1.468127330519547913e+00,-1.138904183599124709e+00
-2.397919331976977375e+00,1.787099730315605317e+00
2.198738604827382037e+00,-1.647648441752766368e+00
8.872588538149940307e-01,-8.038806957694171196e-01
-1.797825180969365944e+00,1.371569314830602959e+00
2.586622535782322263e+00,-1.919427464855183896e+00
-1.752556912978210146e+00,1.368746147788707734e+00
2.045059439764939313e+00,-1.560662204372093242e+00
-2.327482621354686643e+00,1.749238466963351613e+00
2.250657132123809134e+00,-1.695337939360246571e+00
1.148338527392456232e+00,-9.560250513601518119e-01
-1.563466537554067948e+00,1.265436824040469643e+00
-1.566774176996239554e+00,1.236817072977184795e+00
-1.018147436853635401e+00,9.106175082897681738e-01
2.542762121028125044e+00,-1.882453565614896185e+00
-1.478288523073144178e+00,1.161487027940275585e+00
2.638032671913143723e+00,-1.954047486582549897e+00
2.055054105481699089e+00,-1.564772185061654941e+00
2.220930716368109792e+00,-1.678947088204774118e+00
1.443903736844060370e+00,-1.130475534639380442e+00
1.189827037545022614e+00,-9.770727659734519399e-01
2.614053683453794186e+00,-1.919433800244665811e+00
2.544206644382327909e+00,-1.897545625019492643e+00
-1.040006505937852044e+00,9.103719711583169172e-01
-1.503949078890260083e+00,1.182046458717989967e+00
2.454310575700337616e+00,-1.817196293630761517e+00
-1.747980901132081044e+00,1.359427932771759995e+00
2.325245076738198691e+00,-1.748674202546840251e+00
-8.922445158556374656e-01,8.231696601986442374e-01
-1.774642409392824582e+00,1.349103719486744346e+00
1.873889286785525243e+00,-1.456735388913054097e+00
9.534716846963282588e-01,-8.498123220063085181e-01
-2.656669654655196222e+00,1.971085297970681882e+00
1.961062216835550487e+00,-1.487580276679246749e+00
1.834960537012974013e+00,-1.390327933477395694e+00
2.437801902474671767e+00,-1.825773683888494592e+00
9.117582823341578990e-01,-8.252453658221465815e-01
2.545328234571099912e+00,-1.907102275820728998e+00
2.041919427547065791e+00,-1.574851134544823505e+00
-2.331763536035121653e+00,1.717008222755403768e+00
-2.168150913689416370e+00,1.620600292844331936e+00
-1.814486180236342783e+00,1.379428837304685906e+00
1.663340071456137714e+00,-1.298317328564343232e+00
-2.027462560742218756e+00,1.523437555591095727e+00
1.878289813166223565e+00,-1.470413397542700507e+00
7.115193756835793693e-01,-7.107781186810870899e-01
2.446832800721542078e+00,-1.838311673648277633e+00
2.018311074490906964e+00,-1.534624647651525287e+00
9.089980851430161657e-01,-8.268174488258145383e-01
1.296819930900331652e+00,-1.065361456920399963e+00
-1.764214266571133782e+00,1.354593428897231888e+00
1.502197882872401857e+00,-1.195096125358391381e+00
-1.472496633930071130e+00,1.179248585392855153e+00
2.109402310863392138e+00,-1.599796034771928888e+00
2.152105189231843241e+00,-1.640517519112551614e+00
-1.273092594019166413e+00,1.056438408521762184e+00
-1.636534653915594717e+00,1.272146936151019592e+00
2.229767523763017678e+00,-1.678947088204774118e+00
2.584429755338620183e+00,-1.919427464855183896e+00
1.638721172448871943e+00,-1.285778866536274823e+00
-2.218761752535680642e+00,1.662639822881694762e+00
1.911350360485444710e+00,-1.448402671177079215e+00
-1.238759282680374163e+00,1.059338207127239473e+00
-1.635085956513244509e+00,1.301580207081163287e+00
-2.313672726724695927e+00,1.746077215291153895e+00
1.487122368940319461e+00,-1.185859772088464492e+00
-1.858756523355632240e+00,1.431914719168804417e+00
2.253909410294942628e+00,-1.682569450766097319e+00
1.950838525904054155e+00,-1.476826875480028667e+00
-1.346964239249888173e+00,1.127762887200375985e+00
2.278821533636215868e+00,-1.708754347769379844e+00
1.529354889175445598e+00,-1.256101520042590902e+00
7.916716353251704863e-01,-7.493895708544657808e-01
1.505752607283074029e+00,-1.211683989735698574e+00
1.608135106377738044e+00,-1.270046553386457333e+00
-2.334409076949435224e+00,1.746790589009650008e+00
-1.627102057177459926e+00,1.296174003351344917e+00
2.046054657439959179e+00,-1.564237082347429419e+00
1.901696192083045744e+00,-1.505002019330557772e+00
1.675093745878717399e+00,-1.317750698006084908e+00
1.436389139043141139e+00,-1.158974779312698988e+00
-2.108261708418018632e+00,1.593823735952866638e+00
2.567592643156358712e+00,-1.908700494178411144e+00
1.358622182659625199e+00,-1.127281475220002438e+00
2.653586706958434238e+00,-1.961115288833001902e+00
1.612644802391619114e+00,-1.272133646613560654e+00
1.782314289361092152e+00,-1.406553262368820167e+00
2.610302563048491287e+00,-1.920282536910596916e+00
-1.068193510337104524e+00,9.131543874267276095e-01
1.610203175323309477e+00,-1.313130727092795436e+00
2.478338895158596511e+00,-1.849623307150479956e+00
-2.616411067538379598e+00,1.930818711536091303e+00
1.844280438695981239e+00,-1.436143610419183592e+00
-1.524774008712780127e+00,1.201951850241674169e+00
-2.295328524981109730e+00,1.728613480975048411e+00
-1.686198340687426800e+00,1.340571306521889827e+00
1.261115616392859184e+00,-1.047420249684396953e+00
-2.670780495324896364e+00,1.973896763171449908e+00
-2.224471471085856855e+00,1.659230594682776561e+00
9.667773093125693329e-01,-8.799134493986111583e-01
-1.158221055574342628e+00,9.772593118427820302e-01
-2.148306052181065517e+00,1.632260055383534691e+00
-1.167461788753783480e+00,9.542387974613744106e-01
2.575198202134366454e+00,-1.906902248868341809e+00
2.071680349368131946e+00,-1.584349169975542537e+00
2.651639932476548722e+00,-1.963667480343626259e+00
1.255718069252696578e+00,-1.028275699651019170e+00
2.498923714486973147e+00,-1.863156415136978161e+00
-2.206436619663778131e+00,1.656577819738495494e+00
1.943660084556051437e+00,-1.514167349687451258e+00
-1.784293998729353348e+00,1.396638483049601920e+00
-1.219527582059785065e+00,1.012475720585601646e+00
2.425693839705373112e+00,-1.811841411444820915e+00
2.565493847978309372e+00,-1.900589972074847367e+00
-1.125642560392345448e+00,9.582458228648964571e-01
1.307234507971853699e+00,-1.072052962973533141e+00
2.429913442901318277e+00,-1.822677724106966934e+00
-1.722957824363200219e+00,1.360428446584998063e+00
7.110835248019149457e-01,-7.107781186810870899e-01
-2.112708163874273293e+00,1.623749151472886343e+00
-2.089369258805690244e+00,1.583989032937307861e+00
-2.364746328423831034e+00,1.772491068172304729e+00
7.809958716886487018e-01,-7.493895708544657808e-01
1.270595445852254812e+00,-1.059207626906791821e+00
1.770120011798705484e+00,-1.347495086092611594e+00
2.274778493028652981e+00,-1.701441431788801806e+00
-1.572829797677636421e+00,1.270080141090544013e+00
-1.758701406184764338e+00,1.373020828966830198e+00
-2.404400840490270141e+00,1.783490220281227057e+00
1.548614707011641833e+00,-1.229802162135058774e+00
2.025428925795312196e+00,-1.518785021695894688e+00
-2.515544883781354990e+00,1.855350424714953927e+00
-1.421277459539058263e+00,1.146782584390820814e+00
2.588716357869661699e+00,-1.915875021703455694e+00
7.978307258418735337e-01,-7.554115934126924836e-01
2.150337277157277072e+00,-1.657486207285937541e+00
2.273569734090245653e+00,-1.695957924505703707e+00
1.731853553058224637e+00,-1.349989471636241056e+00
1.031387170600041481e+00,-9.037451131562030948e-01
2.269539729252586735e+00,-1.708754347769379844e+00
-1.206423841477386016e+00,9.905704485245774293e-01
-1.604321527009286319e+00,1.277674430476848810e+00
1.611722259445318439e+00,-1.271292053313678672e+00
9.341132601449853023e-01,-8.429242487430639308e-01
-1.087706600333656848e+00,9.249475157850925999e-01
-2.269815840135843921e+00,1.698027881156985774e+00
2.191911042553583044e+00,-1.655261620999509908e+00
-2.214965622030259595e+00,1.659633792399103136e+00
-1.128656361220967907e+00,9.817027711407243507e-01
-2.408119155420416213e+00,1.796965288308418618e+00
-1.165251629998732774e+00,9.933144614248476945e-01
1.226922081695305700e+00,-1.030570139680760278e+00
-1.852425061912879922e+00,1.450487669278525793e+00
2.282475546362098484e+00,-1.678394048550476025e+00
1.500704968269140238e+00,-1.198752838205739302e+00
1.449433206662311235e+00,-1.190563304128611222e+00
